Experiment,Model,Mode,Domain,Method,Seed,Batch,LR,CropRes,Device,Acc,F1,AUC,Time_Sec,Energy_kWh,Group,path,Factor,Value,Variant
CORAL_efficientnet_v2_s_LOIR_Database,efficientnet_v2_s,LOSO,LOIR_Database,coral,42,128,0.0004,384,Single-GPU (NVIDIA RTX 6000 Ada Generation),0.3562,0.1656,0.7571,1472.16,0.12268,dg_coral,dg/coral/CORAL_efficientnet_v2_s_LOIR_Database/final_metrics.csv,,,
CORAL_resnet50_DONA_Database,resnet50,LOSO,DONA_Database,coral,42,128,0.0004,224,Single-GPU (NVIDIA RTX 6000 Ada Generation),0.556,0.409,0.8546,871.43,0.07262,dg_coral,dg/coral/CORAL_resnet50_DONA_Database/final_metrics.csv,,,
CORAL_maxvit_t_AFD_Database,maxvit_t,LOSO,AFD_Database,coral,42,128,0.0004,224,Single-GPU (NVIDIA RTX 6000 Ada Generation),0.5968,0.4305,,1101.24,0.09177,dg_coral,dg/coral/CORAL_maxvit_t_AFD_Database/final_metrics.csv,,,
CORAL_efficientnet_v2_s_DIA_Database,efficientnet_v2_s,LOSO,DIA_Database,coral,42,128,0.0004,384,Single-GPU (NVIDIA RTX 6000 Ada Generation),0.5521,0.5237,,1650.75,0.13756,dg_coral,dg/coral/CORAL_efficientnet_v2_s_DIA_Database/final_metrics.csv,,,
CORAL_resnet50_FCE_LTER_Database,resnet50,LOSO,FCE_LTER_Database,coral,42,128,0.0004,224,Single-GPU (NVIDIA RTX 6000 Ada Generation),0.5559,0.4266,0.9104,1106.23,0.09219,dg_coral,dg/coral/CORAL_resnet50_FCE_LTER_Database/final_metrics.csv,,,
CORAL_swin_v2_t_AFD_Database,swin_v2_t,LOSO,AFD_Database,coral,42,128,0.0004,256,Single-GPU (NVIDIA RTX 6000 Ada Generation),0.4935,0.31,,1297.2,0.1081,dg_coral,dg/coral/CORAL_swin_v2_t_AFD_Database/final_metrics.csv,,,
CORAL_swin_v2_t_DIA_Database,swin_v2_t,LOSO,DIA_Database,coral,42,128,0.0004,256,Single-GPU (NVIDIA RTX 6000 Ada Generation),0.4968,0.467,,1068.17,0.08901,dg_coral,dg/coral/CORAL_swin_v2_t_DIA_Database/final_metrics.csv,,,
CORAL_resnet50_ADIAC_Database,resnet50,LOSO,ADIAC_Database,coral,42,128,0.0004,224,Single-GPU (NVIDIA RTX 6000 Ada Generation),0.6631,0.5576,0.9364,1231.67,0.10264,dg_coral,dg/coral/CORAL_resnet50_ADIAC_Database/final_metrics.csv,,,
CORAL_efficientnet_v2_s_AFD_Database,efficientnet_v2_s,LOSO,AFD_Database,coral,42,128,0.0004,384,Single-GPU (NVIDIA RTX 6000 Ada Generation),0.6112,0.4405,,1542.99,0.12858,dg_coral,dg/coral/CORAL_efficientnet_v2_s_AFD_Database/final_metrics.csv,,,
CORAL_maxvit_t_DIA_Database,maxvit_t,LOSO,DIA_Database,coral,42,128,0.0004,224,Single-GPU (NVIDIA RTX 6000 Ada Generation),0.538,0.5062,,1398.52,0.11654,dg_coral,dg/coral/CORAL_maxvit_t_DIA_Database/final_metrics.csv,,,
CORAL_swin_v2_t_FCE_LTER_Database,swin_v2_t,LOSO,FCE_LTER_Database,coral,42,128,0.0004,256,Single-GPU (NVIDIA RTX 6000 Ada Generation),0.5642,0.4586,0.8667,1533.55,0.1278,dg_coral,dg/coral/CORAL_swin_v2_t_FCE_LTER_Database/final_metrics.csv,,,
CORAL_convnext_tiny_ADIAC_Database,convnext_tiny,LOSO,ADIAC_Database,coral,42,128,0.0004,224,Single-GPU (NVIDIA RTX 6000 Ada Generation),0.7603,0.6425,0.9479,887.94,0.074,dg_coral,dg/coral/CORAL_convnext_tiny_ADIAC_Database/final_metrics.csv,,,
CORAL_swin_v2_t_DONA_Database,swin_v2_t,LOSO,DONA_Database,coral,42,128,0.0004,256,Single-GPU (NVIDIA RTX 6000 Ada Generation),0.5083,0.3909,0.8522,830.06,0.06917,dg_coral,dg/coral/CORAL_swin_v2_t_DONA_Database/final_metrics.csv,,,
CORAL_convnext_tiny_LOIR_Database,convnext_tiny,LOSO,LOIR_Database,coral,42,128,0.0004,224,Single-GPU (NVIDIA RTX 6000 Ada Generation),0.6277,0.4192,0.8993,801.2,0.06677,dg_coral,dg/coral/CORAL_convnext_tiny_LOIR_Database/final_metrics.csv,,,
CORAL_maxvit_t_LOIR_Database,maxvit_t,LOSO,LOIR_Database,coral,42,128,0.0004,224,Single-GPU (NVIDIA RTX 6000 Ada Generation),0.4767,0.2989,0.838,866.23,0.07219,dg_coral,dg/coral/CORAL_maxvit_t_LOIR_Database/final_metrics.csv,,,
CORAL_resnet50_DIA_Database,resnet50,LOSO,DIA_Database,coral,42,128,0.0004,224,Single-GPU (NVIDIA RTX 6000 Ada Generation),0.5019,0.4637,,762.52,0.06354,dg_coral,dg/coral/CORAL_resnet50_DIA_Database/final_metrics.csv,,,
CORAL_efficientnet_v2_s_DONA_Database,efficientnet_v2_s,LOSO,DONA_Database,coral,42,128,0.0004,384,Single-GPU (NVIDIA RTX 6000 Ada Generation),0.5913,0.4816,0.8905,1046.97,0.08725,dg_coral,dg/coral/CORAL_efficientnet_v2_s_DONA_Database/final_metrics.csv,,,
CORAL_convnext_tiny_FCE_LTER_Database,convnext_tiny,LOSO,FCE_LTER_Database,coral,42,128,0.0004,224,Single-GPU (NVIDIA RTX 6000 Ada Generation),0.6369,0.4786,0.9168,714.94,0.05958,dg_coral,dg/coral/CORAL_convnext_tiny_FCE_LTER_Database/final_metrics.csv,,,
CORAL_efficientnet_v2_s_FCE_LTER_Database,efficientnet_v2_s,LOSO,FCE_LTER_Database,coral,42,128,0.0004,384,Single-GPU (NVIDIA RTX 6000 Ada Generation),0.6564,0.4918,0.9362,1811.35,0.15095,dg_coral,dg/coral/CORAL_efficientnet_v2_s_FCE_LTER_Database/final_metrics.csv,,,
CORAL_efficientnet_v2_s_ADIAC_Database,efficientnet_v2_s,LOSO,ADIAC_Database,coral,42,128,0.0004,384,Single-GPU (NVIDIA RTX 6000 Ada Generation),0.723,0.6155,0.9266,1312.18,0.10935,dg_coral,dg/coral/CORAL_efficientnet_v2_s_ADIAC_Database/final_metrics.csv,,,
CORAL_swin_v2_t_ADIAC_Database,swin_v2_t,LOSO,ADIAC_Database,coral,42,128,0.0004,256,Single-GPU (NVIDIA RTX 6000 Ada Generation),0.6644,0.546,0.9257,1019.89,0.08499,dg_coral,dg/coral/CORAL_swin_v2_t_ADIAC_Database/final_metrics.csv,,,
CORAL_convnext_tiny_AFD_Database,convnext_tiny,LOSO,AFD_Database,coral,42,128,0.0004,224,Single-GPU (NVIDIA RTX 6000 Ada Generation),0.5495,0.3934,,910.2,0.07585,dg_coral,dg/coral/CORAL_convnext_tiny_AFD_Database/final_metrics.csv,,,
CORAL_resnet50_LOIR_Database,resnet50,LOSO,LOIR_Database,coral,42,128,0.0004,224,Single-GPU (NVIDIA RTX 6000 Ada Generation),0.0679,0.048,0.6184,663.97,0.05533,dg_coral,dg/coral/CORAL_resnet50_LOIR_Database/final_metrics.csv,,,
CORAL_maxvit_t_ADIAC_Database,maxvit_t,LOSO,ADIAC_Database,coral,42,128,0.0004,224,Single-GPU (NVIDIA RTX 6000 Ada Generation),0.7279,0.6448,0.9477,1049.82,0.08749,dg_coral,dg/coral/CORAL_maxvit_t_ADIAC_Database/final_metrics.csv,,,
CORAL_maxvit_t_FCE_LTER_Database,maxvit_t,LOSO,FCE_LTER_Database,coral,42,128,0.0004,224,Single-GPU (NVIDIA RTX 6000 Ada Generation),0.6955,0.5707,0.9345,1264.1,0.10534,dg_coral,dg/coral/CORAL_maxvit_t_FCE_LTER_Database/final_metrics.csv,,,
CORAL_convnext_tiny_DIA_Database,convnext_tiny,LOSO,DIA_Database,coral,42,128,0.0004,224,Single-GPU (NVIDIA RTX 6000 Ada Generation),0.547,0.5179,,991.35,0.08261,dg_coral,dg/coral/CORAL_convnext_tiny_DIA_Database/final_metrics.csv,,,
CORAL_maxvit_t_DONA_Database,maxvit_t,LOSO,DONA_Database,coral,42,128,0.0004,224,Single-GPU (NVIDIA RTX 6000 Ada Generation),0.645,0.5389,0.9059,1735.18,0.1446,dg_coral,dg/coral/CORAL_maxvit_t_DONA_Database/final_metrics.csv,,,
CORAL_swin_v2_t_LOIR_Database,swin_v2_t,LOSO,LOIR_Database,coral,42,128,0.0004,256,Single-GPU (NVIDIA RTX 6000 Ada Generation),0.536,0.35,0.8805,1038.87,0.08657,dg_coral,dg/coral/CORAL_swin_v2_t_LOIR_Database/final_metrics.csv,,,
CORAL_resnet50_AFD_Database,resnet50,LOSO,AFD_Database,coral,42,128,0.0004,224,Single-GPU (NVIDIA RTX 6000 Ada Generation),0.5179,0.3606,,834.01,0.0695,dg_coral,dg/coral/CORAL_resnet50_AFD_Database/final_metrics.csv,,,
CORAL_convnext_tiny_DONA_Database,convnext_tiny,LOSO,DONA_Database,coral,42,128,0.0004,224,Single-GPU (NVIDIA RTX 6000 Ada Generation),0.6342,0.4742,0.8887,679.91,0.05666,dg_coral,dg/coral/CORAL_convnext_tiny_DONA_Database/final_metrics.csv,,,
MixStyle_convnext_tiny_ADIAC_Database,convnext_tiny,LOSO,ADIAC_Database,mixstyle,42,128,0.0004,224,Single-GPU (NVIDIA RTX 6000 Ada Generation),0.7417,0.6578,0.9451,723.75,0.06031,dg_mixstyle,dg/mixstyle/MixStyle_convnext_tiny_ADIAC_Database/final_metrics.csv,,,
MixStyle_resnet50_FCE_LTER_Database,resnet50,LOSO,FCE_LTER_Database,mixstyle,42,128,0.0004,224,Single-GPU (NVIDIA RTX 6000 Ada Generation),0.6006,0.4697,0.9081,1216.17,0.10135,dg_mixstyle,dg/mixstyle/MixStyle_resnet50_FCE_LTER_Database/final_metrics.csv,,,
MixStyle_convnext_tiny_DONA_Database,convnext_tiny,LOSO,DONA_Database,mixstyle,42,128,0.0004,224,Single-GPU (NVIDIA RTX 6000 Ada Generation),0.6426,0.5198,0.9149,419.54,0.03496,dg_mixstyle,dg/mixstyle/MixStyle_convnext_tiny_DONA_Database/final_metrics.csv,,,
MixStyle_resnet50_DONA_Database,resnet50,LOSO,DONA_Database,mixstyle,42,128,0.0004,224,Single-GPU (NVIDIA RTX 6000 Ada Generation),0.5679,0.4435,0.8937,851.4,0.07095,dg_mixstyle,dg/mixstyle/MixStyle_resnet50_DONA_Database/final_metrics.csv,,,
MixStyle_convnext_tiny_FCE_LTER_Database,convnext_tiny,LOSO,FCE_LTER_Database,mixstyle,42,128,0.0004,224,Single-GPU (NVIDIA RTX 6000 Ada Generation),0.6676,0.5498,0.947,865.88,0.07216,dg_mixstyle,dg/mixstyle/MixStyle_convnext_tiny_FCE_LTER_Database/final_metrics.csv,,,
MixStyle_resnet50_ADIAC_Database,resnet50,LOSO,ADIAC_Database,mixstyle,42,128,0.0004,224,Single-GPU (NVIDIA RTX 6000 Ada Generation),0.6738,0.6045,0.927,740.52,0.06171,dg_mixstyle,dg/mixstyle/MixStyle_resnet50_ADIAC_Database/final_metrics.csv,,,
MixStyle_resnet50_AFD_Database,resnet50,LOSO,AFD_Database,mixstyle,42,128,0.0004,224,Single-GPU (NVIDIA RTX 6000 Ada Generation),0.5624,0.4009,,1167.41,0.09728,dg_mixstyle,dg/mixstyle/MixStyle_resnet50_AFD_Database/final_metrics.csv,,,
MixStyle_convnext_tiny_LOIR_Database,convnext_tiny,LOSO,LOIR_Database,mixstyle,42,128,0.0004,224,Single-GPU (NVIDIA RTX 6000 Ada Generation),0.6293,0.4353,0.8915,941.58,0.07847,dg_mixstyle,dg/mixstyle/MixStyle_convnext_tiny_LOIR_Database/final_metrics.csv,,,
MixStyle_convnext_tiny_AFD_Database,convnext_tiny,LOSO,AFD_Database,mixstyle,42,128,0.0004,224,Single-GPU (NVIDIA RTX 6000 Ada Generation),0.6227,0.4644,,799.59,0.06663,dg_mixstyle,dg/mixstyle/MixStyle_convnext_tiny_AFD_Database/final_metrics.csv,,,
MixStyle_convnext_tiny_DIA_Database,convnext_tiny,LOSO,DIA_Database,mixstyle,42,128,0.0004,224,Single-GPU (NVIDIA RTX 6000 Ada Generation),0.5457,0.5273,,1441.16,0.1201,dg_mixstyle,dg/mixstyle/MixStyle_convnext_tiny_DIA_Database/final_metrics.csv,,,
MixStyle_resnet50_DIA_Database,resnet50,LOSO,DIA_Database,mixstyle,42,128,0.0004,224,Single-GPU (NVIDIA RTX 6000 Ada Generation),0.5393,0.5052,,1019.68,0.08497,dg_mixstyle,dg/mixstyle/MixStyle_resnet50_DIA_Database/final_metrics.csv,,,
MixStyle_resnet50_LOIR_Database,resnet50,LOSO,LOIR_Database,mixstyle,42,128,0.0004,224,Single-GPU (NVIDIA RTX 6000 Ada Generation),0.1459,0.1087,0.669,993.52,0.08279,dg_mixstyle,dg/mixstyle/MixStyle_resnet50_LOIR_Database/final_metrics.csv,,,
aug_intensity_light_convnext_tiny_ADIAC_Database,convnext_tiny,LOSO,ADIAC_Database,erm,42,128,0.0004,224,Single-GPU (NVIDIA RTX 6000 Ada Generation),0.7253,0.6564,0.9549,871.48,0.07262,sensitivity,sensitivity/aug_intensity/aug_intensity_light_convnext_tiny_ADIAC_Database/final_metrics.csv,aug_intensity,light,
aug_intensity_default_convnext_tiny_LOIR_Database,convnext_tiny,LOSO,LOIR_Database,erm,42,128,0.0004,224,Single-GPU (NVIDIA RTX 6000 Ada Generation),0.6438,0.4245,0.9046,795.12,0.06626,sensitivity,sensitivity/aug_intensity/aug_intensity_default_convnext_tiny_LOIR_Database/final_metrics.csv,aug_intensity,default,
aug_intensity_strong_convnext_tiny_ADIAC_Database,convnext_tiny,LOSO,ADIAC_Database,erm,42,128,0.0004,224,Single-GPU (NVIDIA RTX 6000 Ada Generation),0.7523,0.6352,0.9537,656.75,0.05473,sensitivity,sensitivity/aug_intensity/aug_intensity_strong_convnext_tiny_ADIAC_Database/final_metrics.csv,aug_intensity,strong,
aug_intensity_default_convnext_tiny_ADIAC_Database,convnext_tiny,LOSO,ADIAC_Database,erm,42,128,0.0004,224,Single-GPU (NVIDIA RTX 6000 Ada Generation),0.7519,0.6474,0.9425,790.46,0.06587,sensitivity,sensitivity/aug_intensity/aug_intensity_default_convnext_tiny_ADIAC_Database/final_metrics.csv,aug_intensity,default,
aug_intensity_strong_convnext_tiny_LOIR_Database,convnext_tiny,LOSO,LOIR_Database,erm,42,128,0.0004,224,Single-GPU (NVIDIA RTX 6000 Ada Generation),0.6624,0.454,0.9151,748.33,0.06236,sensitivity,sensitivity/aug_intensity/aug_intensity_strong_convnext_tiny_LOIR_Database/final_metrics.csv,aug_intensity,strong,
aug_intensity_light_convnext_tiny_LOIR_Database,convnext_tiny,LOSO,LOIR_Database,erm,42,128,0.0004,224,Single-GPU (NVIDIA RTX 6000 Ada Generation),0.6031,0.4391,0.9028,623.99,0.052,sensitivity,sensitivity/aug_intensity/aug_intensity_light_convnext_tiny_LOIR_Database/final_metrics.csv,aug_intensity,light,
resolution_224_convnext_tiny_ADIAC_Database,convnext_tiny,LOSO,ADIAC_Database,erm,42,128,0.0004,224,Single-GPU (NVIDIA RTX 6000 Ada Generation),0.7519,0.6474,0.9425,790.29,0.06586,sensitivity,sensitivity/resolution/resolution_224_convnext_tiny_ADIAC_Database/final_metrics.csv,resolution,224,
resolution_native_convnext_tiny_LOIR_Database,convnext_tiny,LOSO,LOIR_Database,erm,42,128,0.0004,224,Single-GPU (NVIDIA RTX 6000 Ada Generation),0.6438,0.4245,0.9046,793.56,0.06613,sensitivity,sensitivity/resolution/resolution_native_convnext_tiny_LOIR_Database/final_metrics.csv,resolution,native,
resolution_224_convnext_tiny_LOIR_Database,convnext_tiny,LOSO,LOIR_Database,erm,42,128,0.0004,224,Single-GPU (NVIDIA RTX 6000 Ada Generation),0.6438,0.4245,0.9046,791.78,0.06598,sensitivity,sensitivity/resolution/resolution_224_convnext_tiny_LOIR_Database/final_metrics.csv,resolution,224,
resolution_native_convnext_tiny_ADIAC_Database,convnext_tiny,LOSO,ADIAC_Database,erm,42,128,0.0004,224,Single-GPU (NVIDIA RTX 6000 Ada Generation),0.7519,0.6474,0.9425,792.4,0.06603,sensitivity,sensitivity/resolution/resolution_native_convnext_tiny_ADIAC_Database/final_metrics.csv,resolution,native,
batch_64_convnext_tiny_LOIR_Database,convnext_tiny,LOSO,LOIR_Database,erm,42,64,0.0002,224,Single-GPU (NVIDIA RTX 6000 Ada Generation),0.6387,0.4558,0.9255,700.91,0.05841,sensitivity,sensitivity/batch/batch_64_convnext_tiny_LOIR_Database/final_metrics.csv,batch,64,
batch_128_convnext_tiny_ADIAC_Database,convnext_tiny,LOSO,ADIAC_Database,erm,42,128,0.0004,224,Single-GPU (NVIDIA RTX 6000 Ada Generation),0.7519,0.6474,0.9425,793.54,0.06613,sensitivity,sensitivity/batch/batch_128_convnext_tiny_ADIAC_Database/final_metrics.csv,batch,128,
batch_128_convnext_tiny_LOIR_Database,convnext_tiny,LOSO,LOIR_Database,erm,42,128,0.0004,224,Single-GPU (NVIDIA RTX 6000 Ada Generation),0.6438,0.4245,0.9046,797.7,0.06648,sensitivity,sensitivity/batch/batch_128_convnext_tiny_LOIR_Database/final_metrics.csv,batch,128,
batch_256_convnext_tiny_LOIR_Database,convnext_tiny,LOSO,LOIR_Database,erm,42,256,0.0008,224,Single-GPU (NVIDIA RTX 6000 Ada Generation),0.6319,0.4481,0.8797,912.32,0.07603,sensitivity,sensitivity/batch/batch_256_convnext_tiny_LOIR_Database/final_metrics.csv,batch,256,
batch_256_convnext_tiny_ADIAC_Database,convnext_tiny,LOSO,ADIAC_Database,erm,42,256,0.0008,224,Single-GPU (NVIDIA RTX 6000 Ada Generation),0.7093,0.6469,0.96,815.03,0.06792,sensitivity,sensitivity/batch/batch_256_convnext_tiny_ADIAC_Database/final_metrics.csv,batch,256,
batch_64_convnext_tiny_ADIAC_Database,convnext_tiny,LOSO,ADIAC_Database,erm,42,64,0.0002,224,Single-GPU (NVIDIA RTX 6000 Ada Generation),0.747,0.6449,0.9507,620.41,0.0517,sensitivity,sensitivity/batch/batch_64_convnext_tiny_ADIAC_Database/final_metrics.csv,batch,64,
lr_3e-04_convnext_tiny_ADIAC_Database,convnext_tiny,LOSO,ADIAC_Database,erm,42,128,0.0012,224,Single-GPU (NVIDIA RTX 6000 Ada Generation),0.6365,0.5083,0.9187,939.64,0.0783,sensitivity,sensitivity/lr/lr_3e-04_convnext_tiny_ADIAC_Database/final_metrics.csv,lr,0.0003,
lr_3e-04_convnext_tiny_LOIR_Database,convnext_tiny,LOSO,LOIR_Database,erm,42,128,0.0012,224,Single-GPU (NVIDIA RTX 6000 Ada Generation),0.5386,0.3858,0.8747,983.41,0.08195,sensitivity,sensitivity/lr/lr_3e-04_convnext_tiny_LOIR_Database/final_metrics.csv,lr,0.0003,
lr_1e-04_convnext_tiny_LOIR_Database,convnext_tiny,LOSO,LOIR_Database,erm,42,128,0.0004,224,Single-GPU (NVIDIA RTX 6000 Ada Generation),0.6438,0.4245,0.9046,789.97,0.06583,sensitivity,sensitivity/lr/lr_1e-04_convnext_tiny_LOIR_Database/final_metrics.csv,lr,0.0001,
lr_1e-04_convnext_tiny_ADIAC_Database,convnext_tiny,LOSO,ADIAC_Database,erm,42,128,0.0004,224,Single-GPU (NVIDIA RTX 6000 Ada Generation),0.7519,0.6474,0.9425,798.29,0.06652,sensitivity,sensitivity/lr/lr_1e-04_convnext_tiny_ADIAC_Database/final_metrics.csv,lr,0.0001,
FOCAL_convnext_tiny_DIA_Database,convnext_tiny,LOSO,DIA_Database,erm,42,64,0.0002,224,Single-GPU (NVIDIA RTX 6000 Ada Generation),0.5611,0.5366,,1106.95,0.14759,imbalance_focal,imbalance/focal/FOCAL_convnext_tiny_DIA_Database/final_metrics.csv,,,
FOCAL_convnext_tiny_AFD_Database,convnext_tiny,LOSO,AFD_Database,erm,42,64,0.0002,224,Single-GPU (NVIDIA RTX 6000 Ada Generation),0.6055,0.4024,,725.63,0.09675,imbalance_focal,imbalance/focal/FOCAL_convnext_tiny_AFD_Database/final_metrics.csv,,,
FOCAL_convnext_tiny_DONA_Database,convnext_tiny,LOSO,DONA_Database,erm,42,64,0.0002,224,Single-GPU (NVIDIA RTX 6000 Ada Generation),0.6321,0.4935,0.9122,465.69,0.06209,imbalance_focal,imbalance/focal/FOCAL_convnext_tiny_DONA_Database/final_metrics.csv,,,
FOCAL_convnext_tiny_FCE_LTER_Database,convnext_tiny,LOSO,FCE_LTER_Database,erm,42,64,0.0002,224,Single-GPU (NVIDIA RTX 6000 Ada Generation),0.6788,0.5461,0.9472,977.53,0.13034,imbalance_focal,imbalance/focal/FOCAL_convnext_tiny_FCE_LTER_Database/final_metrics.csv,,,
FOCAL_convnext_tiny_ADIAC_Database,convnext_tiny,LOSO,ADIAC_Database,erm,42,64,0.0002,224,Single-GPU (NVIDIA RTX 6000 Ada Generation),0.7457,0.6193,0.9537,748.72,0.09983,imbalance_focal,imbalance/focal/FOCAL_convnext_tiny_ADIAC_Database/final_metrics.csv,,,
FOCAL_convnext_tiny_LOIR_Database,convnext_tiny,LOSO,LOIR_Database,erm,42,64,0.0002,224,Single-GPU (NVIDIA RTX 6000 Ada Generation),0.6472,0.4622,0.9241,776.56,0.10354,imbalance_focal,imbalance/focal/FOCAL_convnext_tiny_LOIR_Database/final_metrics.csv,,,
CE_convnext_tiny_DONA_Database,convnext_tiny,LOSO,DONA_Database,erm,42,64,0.0002,224,Single-GPU (NVIDIA RTX 6000 Ada Generation),0.6281,0.4767,0.9147,446.63,0.05955,imbalance_ce,imbalance/ce/CE_convnext_tiny_DONA_Database/final_metrics.csv,,,
CE_convnext_tiny_DIA_Database,convnext_tiny,LOSO,DIA_Database,erm,42,64,0.0002,224,Single-GPU (NVIDIA RTX 6000 Ada Generation),0.5624,0.5354,,994.48,0.1326,imbalance_ce,imbalance/ce/CE_convnext_tiny_DIA_Database/final_metrics.csv,,,
CE_convnext_tiny_LOIR_Database,convnext_tiny,LOSO,LOIR_Database,erm,42,64,0.0002,224,Single-GPU (NVIDIA RTX 6000 Ada Generation),0.6463,0.4424,0.9331,826.93,0.11026,imbalance_ce,imbalance/ce/CE_convnext_tiny_LOIR_Database/final_metrics.csv,,,
CE_convnext_tiny_ADIAC_Database,convnext_tiny,LOSO,ADIAC_Database,erm,42,64,0.0002,224,Single-GPU (NVIDIA RTX 6000 Ada Generation),0.7261,0.6273,0.9732,653.46,0.08713,imbalance_ce,imbalance/ce/CE_convnext_tiny_ADIAC_Database/final_metrics.csv,,,
CE_convnext_tiny_FCE_LTER_Database,convnext_tiny,LOSO,FCE_LTER_Database,erm,42,64,0.0002,224,Single-GPU (NVIDIA RTX 6000 Ada Generation),0.7039,0.544,0.958,830.45,0.11073,imbalance_ce,imbalance/ce/CE_convnext_tiny_FCE_LTER_Database/final_metrics.csv,,,
CE_convnext_tiny_AFD_Database,convnext_tiny,LOSO,AFD_Database,erm,42,64,0.0002,224,Single-GPU (NVIDIA RTX 6000 Ada Generation),0.6055,0.418,,948.71,0.12649,imbalance_ce,imbalance/ce/CE_convnext_tiny_AFD_Database/final_metrics.csv,,,
S2_LOSO_convnext_tiny_DONA_Database,convnext_tiny,LOSO,DONA_Database,erm,202,128,0.0004,224,Single-GPU (NVIDIA RTX 6000 Ada Generation),0.6275,0.4968,0.9025,517.46,0.04312,multiseed,multiseed/seed_202/S2_LOSO_convnext_tiny_DONA_Database/final_metrics.csv,,,
S2_LOSO_maxvit_t_ADIAC_Database,maxvit_t,LOSO,ADIAC_Database,erm,202,128,0.0004,224,Single-GPU (NVIDIA RTX 6000 Ada Generation),0.7359,0.6918,0.9554,931.36,0.07761,multiseed,multiseed/seed_202/S2_LOSO_maxvit_t_ADIAC_Database/final_metrics.csv,,,
S2_LOSO_swin_v2_t_ADIAC_Database,swin_v2_t,LOSO,ADIAC_Database,erm,202,128,0.0004,256,Single-GPU (NVIDIA RTX 6000 Ada Generation),0.6671,0.5762,0.9209,1077.7,0.08981,multiseed,multiseed/seed_202/S2_LOSO_swin_v2_t_ADIAC_Database/final_metrics.csv,,,
S0_Single_efficientnet_v2_s_ADIAC_Database,efficientnet_v2_s,SINGLE,ADIAC_Database,erm,202,128,0.0004,384,Single-GPU (NVIDIA RTX 6000 Ada Generation),0.9927,0.9974,,640.48,0.05337,multiseed,multiseed/seed_202/S0_Single_efficientnet_v2_s_ADIAC_Database/final_metrics.csv,,,
S2_LOSO_maxvit_t_DONA_Database,maxvit_t,LOSO,DONA_Database,erm,202,128,0.0004,224,Single-GPU (NVIDIA RTX 6000 Ada Generation),0.623,0.5347,0.9155,743.75,0.06198,multiseed,multiseed/seed_202/S2_LOSO_maxvit_t_DONA_Database/final_metrics.csv,,,
S0_Single_resnet50_ADIAC_Database,resnet50,SINGLE,ADIAC_Database,erm,202,128,0.0004,224,Single-GPU (NVIDIA RTX 6000 Ada Generation),0.9524,0.926,,443.55,0.03696,multiseed,multiseed/seed_202/S0_Single_resnet50_ADIAC_Database/final_metrics.csv,,,
S2_LOSO_swin_v2_t_LOIR_Database,swin_v2_t,LOSO,LOIR_Database,erm,202,128,0.0004,256,Single-GPU (NVIDIA RTX 6000 Ada Generation),0.5276,0.4047,0.8379,1400.31,0.11669,multiseed,multiseed/seed_202/S2_LOSO_swin_v2_t_LOIR_Database/final_metrics.csv,,,
S0_Single_convnext_tiny_ADIAC_Database,convnext_tiny,SINGLE,ADIAC_Database,erm,202,128,0.0004,224,Single-GPU (NVIDIA RTX 6000 Ada Generation),0.9707,0.9601,,347.85,0.02899,multiseed,multiseed/seed_202/S0_Single_convnext_tiny_ADIAC_Database/final_metrics.csv,,,
S2_LOSO_maxvit_t_FCE_LTER_Database,maxvit_t,LOSO,FCE_LTER_Database,erm,202,128,0.0004,224,Single-GPU (NVIDIA RTX 6000 Ada Generation),0.6788,0.5975,0.9564,1684.18,0.14035,multiseed,multiseed/seed_202/S2_LOSO_maxvit_t_FCE_LTER_Database/final_metrics.csv,,,
S2_LOSO_resnet50_AFD_Database,resnet50,LOSO,AFD_Database,erm,202,128,0.0004,224,Single-GPU (NVIDIA RTX 6000 Ada Generation),0.5151,0.371,,1325.61,0.11047,multiseed,multiseed/seed_202/S2_LOSO_resnet50_AFD_Database/final_metrics.csv,,,
S2_LOSO_efficientnet_v2_s_FCE_LTER_Database,efficientnet_v2_s,LOSO,FCE_LTER_Database,erm,202,128,0.0004,384,Single-GPU (NVIDIA RTX 6000 Ada Generation),0.6732,0.5558,0.9077,1619.02,0.13492,multiseed,multiseed/seed_202/S2_LOSO_efficientnet_v2_s_FCE_LTER_Database/final_metrics.csv,,,
S2_LOSO_convnext_tiny_DIA_Database,convnext_tiny,LOSO,DIA_Database,erm,202,128,0.0004,224,Single-GPU (NVIDIA RTX 6000 Ada Generation),0.5766,0.5363,,1175.85,0.09799,multiseed,multiseed/seed_202/S2_LOSO_convnext_tiny_DIA_Database/final_metrics.csv,,,
S1_Standard_resnet50,resnet50,STANDARD,ALL,erm,202,128,0.0004,224,Single-GPU (NVIDIA RTX 6000 Ada Generation),0.8793,0.8482,0.9897,1586.9,0.13224,multiseed,multiseed/seed_202/S1_Standard_resnet50/final_metrics.csv,,,
S2_LOSO_convnext_tiny_AFD_Database,convnext_tiny,LOSO,AFD_Database,erm,202,128,0.0004,224,Single-GPU (NVIDIA RTX 6000 Ada Generation),0.6011,0.4067,,883.38,0.07362,multiseed,multiseed/seed_202/S2_LOSO_convnext_tiny_AFD_Database/final_metrics.csv,,,
S2_LOSO_efficientnet_v2_s_LOIR_Database,efficientnet_v2_s,LOSO,LOIR_Database,erm,202,128,0.0004,384,Single-GPU (NVIDIA RTX 6000 Ada Generation),0.3664,0.1964,0.761,1602.29,0.13352,multiseed,multiseed/seed_202/S2_LOSO_efficientnet_v2_s_LOIR_Database/final_metrics.csv,,,
S2_LOSO_resnet50_DIA_Database,resnet50,LOSO,DIA_Database,erm,202,128,0.0004,224,Single-GPU (NVIDIA RTX 6000 Ada Generation),0.5251,0.4676,,1068.78,0.08906,multiseed,multiseed/seed_202/S2_LOSO_resnet50_DIA_Database/final_metrics.csv,,,
S2_LOSO_resnet50_LOIR_Database,resnet50,LOSO,LOIR_Database,erm,202,128,0.0004,224,Single-GPU (NVIDIA RTX 6000 Ada Generation),0.1204,0.0747,0.5999,868.98,0.07241,multiseed,multiseed/seed_202/S2_LOSO_resnet50_LOIR_Database/final_metrics.csv,,,
S2_LOSO_efficientnet_v2_s_ADIAC_Database,efficientnet_v2_s,LOSO,ADIAC_Database,erm,202,128,0.0004,384,Single-GPU (NVIDIA RTX 6000 Ada Generation),0.7492,0.6806,0.9413,1861.97,0.15516,multiseed,multiseed/seed_202/S2_LOSO_efficientnet_v2_s_ADIAC_Database/final_metrics.csv,,,
S1_Standard_convnext_tiny,convnext_tiny,STANDARD,ALL,erm,202,128,0.0004,224,Single-GPU (NVIDIA RTX 6000 Ada Generation),0.8886,0.8606,0.9882,1065.6,0.0888,multiseed,multiseed/seed_202/S1_Standard_convnext_tiny/final_metrics.csv,,,
S1_Standard_efficientnet_v2_s,efficientnet_v2_s,STANDARD,ALL,erm,202,128,0.0004,384,Single-GPU (NVIDIA RTX 6000 Ada Generation),0.9073,0.8728,0.9777,2268.09,0.18901,multiseed,multiseed/seed_202/S1_Standard_efficientnet_v2_s/final_metrics.csv,,,
S2_LOSO_convnext_tiny_ADIAC_Database,convnext_tiny,LOSO,ADIAC_Database,erm,202,128,0.0004,224,Single-GPU (NVIDIA RTX 6000 Ada Generation),0.763,0.6522,0.9571,723.02,0.06025,multiseed,multiseed/seed_202/S2_LOSO_convnext_tiny_ADIAC_Database/final_metrics.csv,,,
S0_Single_swin_v2_t_ADIAC_Database,swin_v2_t,SINGLE,ADIAC_Database,erm,202,128,0.0004,256,Single-GPU (NVIDIA RTX 6000 Ada Generation),0.9597,0.9663,,613.73,0.05114,multiseed,multiseed/seed_202/S0_Single_swin_v2_t_ADIAC_Database/final_metrics.csv,,,
S2_LOSO_maxvit_t_DIA_Database,maxvit_t,LOSO,DIA_Database,erm,202,128,0.0004,224,Single-GPU (NVIDIA RTX 6000 Ada Generation),0.5534,0.5497,,1189.18,0.0991,multiseed,multiseed/seed_202/S2_LOSO_maxvit_t_DIA_Database/final_metrics.csv,,,
S2_LOSO_convnext_tiny_LOIR_Database,convnext_tiny,LOSO,LOIR_Database,erm,202,128,0.0004,224,Single-GPU (NVIDIA RTX 6000 Ada Generation),0.6446,0.4621,0.9016,1363.34,0.11361,multiseed,multiseed/seed_202/S2_LOSO_convnext_tiny_LOIR_Database/final_metrics.csv,,,
S2_LOSO_swin_v2_t_FCE_LTER_Database,swin_v2_t,LOSO,FCE_LTER_Database,erm,202,128,0.0004,256,Single-GPU (NVIDIA RTX 6000 Ada Generation),0.581,0.5015,0.9013,1548.13,0.12901,multiseed,multiseed/seed_202/S2_LOSO_swin_v2_t_FCE_LTER_Database/final_metrics.csv,,,
S2_LOSO_resnet50_ADIAC_Database,resnet50,LOSO,ADIAC_Database,erm,202,128,0.0004,224,Single-GPU (NVIDIA RTX 6000 Ada Generation),0.6609,0.533,0.9204,1191.47,0.09929,multiseed,multiseed/seed_202/S2_LOSO_resnet50_ADIAC_Database/final_metrics.csv,,,
S0_Single_maxvit_t_ADIAC_Database,maxvit_t,SINGLE,ADIAC_Database,erm,202,128,0.0004,224,Single-GPU (NVIDIA RTX 6000 Ada Generation),0.9597,0.9383,,370.2,0.03085,multiseed,multiseed/seed_202/S0_Single_maxvit_t_ADIAC_Database/final_metrics.csv,,,
S2_LOSO_maxvit_t_LOIR_Database,maxvit_t,LOSO,LOIR_Database,erm,202,128,0.0004,224,Single-GPU (NVIDIA RTX 6000 Ada Generation),0.5293,0.314,0.8295,1196.92,0.09974,multiseed,multiseed/seed_202/S2_LOSO_maxvit_t_LOIR_Database/final_metrics.csv,,,
S2_LOSO_swin_v2_t_DONA_Database,swin_v2_t,LOSO,DONA_Database,erm,202,128,0.0004,256,Single-GPU (NVIDIA RTX 6000 Ada Generation),0.5317,0.402,0.8554,779.98,0.065,multiseed,multiseed/seed_202/S2_LOSO_swin_v2_t_DONA_Database/final_metrics.csv,,,
S2_LOSO_swin_v2_t_DIA_Database,swin_v2_t,LOSO,DIA_Database,erm,202,128,0.0004,256,Single-GPU (NVIDIA RTX 6000 Ada Generation),0.4994,0.4405,,1039.63,0.08664,multiseed,multiseed/seed_202/S2_LOSO_swin_v2_t_DIA_Database/final_metrics.csv,,,
S1_Standard_swin_v2_t,swin_v2_t,STANDARD,ALL,erm,202,128,0.0004,256,Single-GPU (NVIDIA RTX 6000 Ada Generation),0.884,0.8471,0.9836,3037.83,0.25315,multiseed,multiseed/seed_202/S1_Standard_swin_v2_t/final_metrics.csv,,,
S2_LOSO_efficientnet_v2_s_AFD_Database,efficientnet_v2_s,LOSO,AFD_Database,erm,202,128,0.0004,384,Single-GPU (NVIDIA RTX 6000 Ada Generation),0.5983,0.4393,,2293.23,0.1911,multiseed,multiseed/seed_202/S2_LOSO_efficientnet_v2_s_AFD_Database/final_metrics.csv,,,
S1_Standard_maxvit_t,maxvit_t,STANDARD,ALL,erm,202,128,0.0004,224,Single-GPU (NVIDIA RTX 6000 Ada Generation),0.8917,0.864,0.9876,1549.86,0.12916,multiseed,multiseed/seed_202/S1_Standard_maxvit_t/final_metrics.csv,,,
S2_LOSO_convnext_tiny_FCE_LTER_Database,convnext_tiny,LOSO,FCE_LTER_Database,erm,202,128,0.0004,224,Single-GPU (NVIDIA RTX 6000 Ada Generation),0.6648,0.5424,0.9355,847.51,0.07063,multiseed,multiseed/seed_202/S2_LOSO_convnext_tiny_FCE_LTER_Database/final_metrics.csv,,,
S2_LOSO_resnet50_DONA_Database,resnet50,LOSO,DONA_Database,erm,202,128,0.0004,224,Single-GPU (NVIDIA RTX 6000 Ada Generation),0.5075,0.3679,0.8523,477.53,0.03979,multiseed,multiseed/seed_202/S2_LOSO_resnet50_DONA_Database/final_metrics.csv,,,
S2_LOSO_efficientnet_v2_s_DONA_Database,efficientnet_v2_s,LOSO,DONA_Database,erm,202,128,0.0004,384,Single-GPU (NVIDIA RTX 6000 Ada Generation),0.6135,0.496,0.8886,1210.97,0.10091,multiseed,multiseed/seed_202/S2_LOSO_efficientnet_v2_s_DONA_Database/final_metrics.csv,,,
S2_LOSO_efficientnet_v2_s_DIA_Database,efficientnet_v2_s,LOSO,DIA_Database,erm,202,128,0.0004,384,Single-GPU (NVIDIA RTX 6000 Ada Generation),0.5766,0.5282,,1409.08,0.11742,multiseed,multiseed/seed_202/S2_LOSO_efficientnet_v2_s_DIA_Database/final_metrics.csv,,,
S2_LOSO_resnet50_FCE_LTER_Database,resnet50,LOSO,FCE_LTER_Database,erm,202,128,0.0004,224,Single-GPU (NVIDIA RTX 6000 Ada Generation),0.5978,0.4754,0.9052,1016.74,0.08473,multiseed,multiseed/seed_202/S2_LOSO_resnet50_FCE_LTER_Database/final_metrics.csv,,,
S2_LOSO_swin_v2_t_AFD_Database,swin_v2_t,LOSO,AFD_Database,erm,202,128,0.0004,256,Single-GPU (NVIDIA RTX 6000 Ada Generation),0.4878,0.2787,,1242.28,0.10352,multiseed,multiseed/seed_202/S2_LOSO_swin_v2_t_AFD_Database/final_metrics.csv,,,
S2_LOSO_maxvit_t_AFD_Database,maxvit_t,LOSO,AFD_Database,erm,202,128,0.0004,224,Single-GPU (NVIDIA RTX 6000 Ada Generation),0.5681,0.4025,,988.43,0.08237,multiseed,multiseed/seed_202/S2_LOSO_maxvit_t_AFD_Database/final_metrics.csv,,,
S2_LOSO_convnext_tiny_DONA_Database,convnext_tiny,LOSO,DONA_Database,erm,42,128,0.0004,224,Single-GPU (NVIDIA RTX 6000 Ada Generation),0.6254,0.4944,0.8947,715.73,0.05964,multiseed,multiseed/seed_42/S2_LOSO_convnext_tiny_DONA_Database/final_metrics.csv,,,
S2_LOSO_maxvit_t_ADIAC_Database,maxvit_t,LOSO,ADIAC_Database,erm,42,128,0.0004,224,Single-GPU (NVIDIA RTX 6000 Ada Generation),0.7319,0.6162,0.9313,1042.13,0.08684,multiseed,multiseed/seed_42/S2_LOSO_maxvit_t_ADIAC_Database/final_metrics.csv,,,
S2_LOSO_swin_v2_t_ADIAC_Database,swin_v2_t,LOSO,ADIAC_Database,erm,42,128,0.0004,256,Single-GPU (NVIDIA RTX 6000 Ada Generation),0.6605,0.5811,0.9254,1240.5,0.10338,multiseed,multiseed/seed_42/S2_LOSO_swin_v2_t_ADIAC_Database/final_metrics.csv,,,
S0_Single_efficientnet_v2_s_ADIAC_Database,efficientnet_v2_s,SINGLE,ADIAC_Database,erm,42,128,0.0004,384,Single-GPU (NVIDIA RTX 6000 Ada Generation),0.978,0.9928,,397.49,0.03312,multiseed,multiseed/seed_42/S0_Single_efficientnet_v2_s_ADIAC_Database/final_metrics.csv,,,
S2_LOSO_maxvit_t_DONA_Database,maxvit_t,LOSO,DONA_Database,erm,42,128,0.0004,224,Single-GPU (NVIDIA RTX 6000 Ada Generation),0.6313,0.5252,0.9,1151.14,0.09593,multiseed,multiseed/seed_42/S2_LOSO_maxvit_t_DONA_Database/final_metrics.csv,,,
S0_Single_resnet50_ADIAC_Database,resnet50,SINGLE,ADIAC_Database,erm,42,128,0.0004,224,Single-GPU (NVIDIA RTX 6000 Ada Generation),0.9341,0.9377,,212.06,0.01767,multiseed,multiseed/seed_42/S0_Single_resnet50_ADIAC_Database/final_metrics.csv,,,
S2_LOSO_swin_v2_t_LOIR_Database,swin_v2_t,LOSO,LOIR_Database,erm,42,128,0.0004,256,Single-GPU (NVIDIA RTX 6000 Ada Generation),0.5437,0.3758,0.8492,1325.63,0.11047,multiseed,multiseed/seed_42/S2_LOSO_swin_v2_t_LOIR_Database/final_metrics.csv,,,
S0_Single_convnext_tiny_ADIAC_Database,convnext_tiny,SINGLE,ADIAC_Database,erm,42,128,0.0004,224,Single-GPU (NVIDIA RTX 6000 Ada Generation),0.967,0.9193,,318.75,0.02656,multiseed,multiseed/seed_42/S0_Single_convnext_tiny_ADIAC_Database/final_metrics.csv,,,
S2_LOSO_maxvit_t_FCE_LTER_Database,maxvit_t,LOSO,FCE_LTER_Database,erm,42,128,0.0004,224,Single-GPU (NVIDIA RTX 6000 Ada Generation),0.7039,0.5998,0.9099,1001.35,0.08345,multiseed,multiseed/seed_42/S2_LOSO_maxvit_t_FCE_LTER_Database/final_metrics.csv,,,
S2_LOSO_resnet50_AFD_Database,resnet50,LOSO,AFD_Database,erm,42,128,0.0004,224,Single-GPU (NVIDIA RTX 6000 Ada Generation),0.4864,0.3194,,1278.96,0.10658,multiseed,multiseed/seed_42/S2_LOSO_resnet50_AFD_Database/final_metrics.csv,,,
S2_LOSO_efficientnet_v2_s_FCE_LTER_Database,efficientnet_v2_s,LOSO,FCE_LTER_Database,erm,42,128,0.0004,384,Single-GPU (NVIDIA RTX 6000 Ada Generation),0.6927,0.5441,0.9432,1560.6,0.13005,multiseed,multiseed/seed_42/S2_LOSO_efficientnet_v2_s_FCE_LTER_Database/final_metrics.csv,,,
S2_LOSO_convnext_tiny_DIA_Database,convnext_tiny,LOSO,DIA_Database,erm,42,128,0.0004,224,Single-GPU (NVIDIA RTX 6000 Ada Generation),0.5495,0.4933,,755.96,0.063,multiseed,multiseed/seed_42/S2_LOSO_convnext_tiny_DIA_Database/final_metrics.csv,,,
S1_Standard_resnet50,resnet50,STANDARD,ALL,erm,42,128,0.0004,224,Single-GPU (NVIDIA RTX 6000 Ada Generation),0.8723,0.8428,0.9804,1393.98,0.11617,multiseed,multiseed/seed_42/S1_Standard_resnet50/final_metrics.csv,,,
S2_LOSO_convnext_tiny_AFD_Database,convnext_tiny,LOSO,AFD_Database,erm,42,128,0.0004,224,Single-GPU (NVIDIA RTX 6000 Ada Generation),0.5782,0.3955,,1242.01,0.1035,multiseed,multiseed/seed_42/S2_LOSO_convnext_tiny_AFD_Database/final_metrics.csv,,,
S2_LOSO_efficientnet_v2_s_LOIR_Database,efficientnet_v2_s,LOSO,LOIR_Database,erm,42,128,0.0004,384,Single-GPU (NVIDIA RTX 6000 Ada Generation),0.4979,0.2287,0.7953,1258.76,0.1049,multiseed,multiseed/seed_42/S2_LOSO_efficientnet_v2_s_LOIR_Database/final_metrics.csv,,,
S2_LOSO_resnet50_DIA_Database,resnet50,LOSO,DIA_Database,erm,42,128,0.0004,224,Single-GPU (NVIDIA RTX 6000 Ada Generation),0.5097,0.4482,,2254.49,0.18787,multiseed,multiseed/seed_42/S2_LOSO_resnet50_DIA_Database/final_metrics.csv,,,
S2_LOSO_resnet50_LOIR_Database,resnet50,LOSO,LOIR_Database,erm,42,128,0.0004,224,Single-GPU (NVIDIA RTX 6000 Ada Generation),0.0577,0.0428,0.6074,662.76,0.05523,multiseed,multiseed/seed_42/S2_LOSO_resnet50_LOIR_Database/final_metrics.csv,,,
S2_LOSO_efficientnet_v2_s_ADIAC_Database,efficientnet_v2_s,LOSO,ADIAC_Database,erm,42,128,0.0004,384,Single-GPU (NVIDIA RTX 6000 Ada Generation),0.7417,0.6491,0.9496,1355.04,0.11292,multiseed,multiseed/seed_42/S2_LOSO_efficientnet_v2_s_ADIAC_Database/final_metrics.csv,,,
S1_Standard_convnext_tiny,convnext_tiny,STANDARD,ALL,erm,42,128,0.0004,224,Single-GPU (NVIDIA RTX 6000 Ada Generation),0.8777,0.8521,0.9886,884.27,0.07369,multiseed,multiseed/seed_42/S1_Standard_convnext_tiny/final_metrics.csv,,,
S1_Standard_efficientnet_v2_s,efficientnet_v2_s,STANDARD,ALL,erm,42,128,0.0004,384,Single-GPU (NVIDIA RTX 6000 Ada Generation),0.9042,0.8812,0.9838,2504.14,0.20868,multiseed,multiseed/seed_42/S1_Standard_efficientnet_v2_s/final_metrics.csv,,,
S2_LOSO_convnext_tiny_ADIAC_Database,convnext_tiny,LOSO,ADIAC_Database,erm,42,128,0.0004,224,Single-GPU (NVIDIA RTX 6000 Ada Generation),0.7519,0.6474,0.9425,859.53,0.07163,multiseed,multiseed/seed_42/S2_LOSO_convnext_tiny_ADIAC_Database/final_metrics.csv,,,
S0_Single_swin_v2_t_ADIAC_Database,swin_v2_t,SINGLE,ADIAC_Database,erm,42,128,0.0004,256,Single-GPU (NVIDIA RTX 6000 Ada Generation),0.9524,0.9712,,565.34,0.04711,multiseed,multiseed/seed_42/S0_Single_swin_v2_t_ADIAC_Database/final_metrics.csv,,,
S2_LOSO_maxvit_t_DIA_Database,maxvit_t,LOSO,DIA_Database,erm,42,128,0.0004,224,Single-GPU (NVIDIA RTX 6000 Ada Generation),0.5328,0.5262,,1044.87,0.08707,multiseed,multiseed/seed_42/S2_LOSO_maxvit_t_DIA_Database/final_metrics.csv,,,
S2_LOSO_convnext_tiny_LOIR_Database,convnext_tiny,LOSO,LOIR_Database,erm,42,128,0.0004,224,Single-GPU (NVIDIA RTX 6000 Ada Generation),0.6438,0.4245,0.9046,862.59,0.07188,multiseed,multiseed/seed_42/S2_LOSO_convnext_tiny_LOIR_Database/final_metrics.csv,,,
S2_LOSO_swin_v2_t_FCE_LTER_Database,swin_v2_t,LOSO,FCE_LTER_Database,erm,42,128,0.0004,256,Single-GPU (NVIDIA RTX 6000 Ada Generation),0.5726,0.4329,0.8626,1124.19,0.09368,multiseed,multiseed/seed_42/S2_LOSO_swin_v2_t_FCE_LTER_Database/final_metrics.csv,,,
S2_LOSO_resnet50_ADIAC_Database,resnet50,LOSO,ADIAC_Database,erm,42,128,0.0004,224,Single-GPU (NVIDIA RTX 6000 Ada Generation),0.6298,0.4882,0.9324,1165.59,0.09713,multiseed,multiseed/seed_42/S2_LOSO_resnet50_ADIAC_Database/final_metrics.csv,,,
S0_Single_maxvit_t_ADIAC_Database,maxvit_t,SINGLE,ADIAC_Database,erm,42,128,0.0004,224,Single-GPU (NVIDIA RTX 6000 Ada Generation),0.956,0.9523,,450.26,0.03752,multiseed,multiseed/seed_42/S0_Single_maxvit_t_ADIAC_Database/final_metrics.csv,,,
S2_LOSO_maxvit_t_LOIR_Database,maxvit_t,LOSO,LOIR_Database,erm,42,128,0.0004,224,Single-GPU (NVIDIA RTX 6000 Ada Generation),0.5352,0.3805,0.8935,949.14,0.07909,multiseed,multiseed/seed_42/S2_LOSO_maxvit_t_LOIR_Database/final_metrics.csv,,,
S2_LOSO_swin_v2_t_DONA_Database,swin_v2_t,LOSO,DONA_Database,erm,42,128,0.0004,256,Single-GPU (NVIDIA RTX 6000 Ada Generation),0.5187,0.4198,0.863,709.71,0.05914,multiseed,multiseed/seed_42/S2_LOSO_swin_v2_t_DONA_Database/final_metrics.csv,,,
S2_LOSO_swin_v2_t_DIA_Database,swin_v2_t,LOSO,DIA_Database,erm,42,128,0.0004,256,Single-GPU (NVIDIA RTX 6000 Ada Generation),0.4878,0.4637,,1013.7,0.08448,multiseed,multiseed/seed_42/S2_LOSO_swin_v2_t_DIA_Database/final_metrics.csv,,,
S1_Standard_swin_v2_t,swin_v2_t,STANDARD,ALL,erm,42,128,0.0004,256,Single-GPU (NVIDIA RTX 6000 Ada Generation),0.8723,0.8444,0.9898,1828.39,0.15237,multiseed,multiseed/seed_42/S1_Standard_swin_v2_t/final_metrics.csv,,,
S2_LOSO_efficientnet_v2_s_AFD_Database,efficientnet_v2_s,LOSO,AFD_Database,erm,42,128,0.0004,384,Single-GPU (NVIDIA RTX 6000 Ada Generation),0.5308,0.369,,1577.62,0.13147,multiseed,multiseed/seed_42/S2_LOSO_efficientnet_v2_s_AFD_Database/final_metrics.csv,,,
S1_Standard_maxvit_t,maxvit_t,STANDARD,ALL,erm,42,128,0.0004,224,Single-GPU (NVIDIA RTX 6000 Ada Generation),0.9097,0.8794,0.9844,1639.16,0.1366,multiseed,multiseed/seed_42/S1_Standard_maxvit_t/final_metrics.csv,,,
S2_LOSO_convnext_tiny_FCE_LTER_Database,convnext_tiny,LOSO,FCE_LTER_Database,erm,42,128,0.0004,224,Single-GPU (NVIDIA RTX 6000 Ada Generation),0.6425,0.4833,0.9156,1273.3,0.10611,multiseed,multiseed/seed_42/S2_LOSO_convnext_tiny_FCE_LTER_Database/final_metrics.csv,,,
S2_LOSO_resnet50_DONA_Database,resnet50,LOSO,DONA_Database,erm,42,128,0.0004,224,Single-GPU (NVIDIA RTX 6000 Ada Generation),0.5327,0.4012,0.8532,701.14,0.05843,multiseed,multiseed/seed_42/S2_LOSO_resnet50_DONA_Database/final_metrics.csv,,,
S2_LOSO_efficientnet_v2_s_DONA_Database,efficientnet_v2_s,LOSO,DONA_Database,erm,42,128,0.0004,384,Single-GPU (NVIDIA RTX 6000 Ada Generation),0.6209,0.5081,0.8942,1135.41,0.09462,multiseed,multiseed/seed_42/S2_LOSO_efficientnet_v2_s_DONA_Database/final_metrics.csv,,,
S2_LOSO_efficientnet_v2_s_DIA_Database,efficientnet_v2_s,LOSO,DIA_Database,erm,42,128,0.0004,384,Single-GPU (NVIDIA RTX 6000 Ada Generation),0.5586,0.5298,,1636.89,0.13641,multiseed,multiseed/seed_42/S2_LOSO_efficientnet_v2_s_DIA_Database/final_metrics.csv,,,
S2_LOSO_resnet50_FCE_LTER_Database,resnet50,LOSO,FCE_LTER_Database,erm,42,128,0.0004,224,Single-GPU (NVIDIA RTX 6000 Ada Generation),0.6061,0.4384,0.8965,1325.98,0.1105,multiseed,multiseed/seed_42/S2_LOSO_resnet50_FCE_LTER_Database/final_metrics.csv,,,
S2_LOSO_swin_v2_t_AFD_Database,swin_v2_t,LOSO,AFD_Database,erm,42,128,0.0004,256,Single-GPU (NVIDIA RTX 6000 Ada Generation),0.4978,0.2879,,1643.26,0.13694,multiseed,multiseed/seed_42/S2_LOSO_swin_v2_t_AFD_Database/final_metrics.csv,,,
S2_LOSO_maxvit_t_AFD_Database,maxvit_t,LOSO,AFD_Database,erm,42,128,0.0004,224,Single-GPU (NVIDIA RTX 6000 Ada Generation),0.5854,0.4027,,1091.23,0.09094,multiseed,multiseed/seed_42/S2_LOSO_maxvit_t_AFD_Database/final_metrics.csv,,,
S2_LOSO_convnext_tiny_DONA_Database,convnext_tiny,LOSO,DONA_Database,erm,1337,128,0.0004,224,Single-GPU (NVIDIA RTX 6000 Ada Generation),0.6156,0.4977,0.9017,555.22,0.04627,multiseed,multiseed/seed_1337/S2_LOSO_convnext_tiny_DONA_Database/final_metrics.csv,,,
S2_LOSO_maxvit_t_ADIAC_Database,maxvit_t,LOSO,ADIAC_Database,erm,1337,128,0.0004,224,Single-GPU (NVIDIA RTX 6000 Ada Generation),0.7679,0.6844,0.9428,1713.65,0.1428,multiseed,multiseed/seed_1337/S2_LOSO_maxvit_t_ADIAC_Database/final_metrics.csv,,,
S2_LOSO_swin_v2_t_ADIAC_Database,swin_v2_t,LOSO,ADIAC_Database,erm,1337,128,0.0004,256,Single-GPU (NVIDIA RTX 6000 Ada Generation),0.6778,0.5795,0.9324,1035.7,0.08631,multiseed,multiseed/seed_1337/S2_LOSO_swin_v2_t_ADIAC_Database/final_metrics.csv,,,
S0_Single_efficientnet_v2_s_ADIAC_Database,efficientnet_v2_s,SINGLE,ADIAC_Database,erm,1337,128,0.0004,384,Single-GPU (NVIDIA RTX 6000 Ada Generation),0.9744,0.9909,,471.08,0.03926,multiseed,multiseed/seed_1337/S0_Single_efficientnet_v2_s_ADIAC_Database/final_metrics.csv,,,
S2_LOSO_maxvit_t_DONA_Database,maxvit_t,LOSO,DONA_Database,erm,1337,128,0.0004,224,Single-GPU (NVIDIA RTX 6000 Ada Generation),0.6299,0.5313,0.9025,1433.28,0.11944,multiseed,multiseed/seed_1337/S2_LOSO_maxvit_t_DONA_Database/final_metrics.csv,,,
S0_Single_resnet50_ADIAC_Database,resnet50,SINGLE,ADIAC_Database,erm,1337,128,0.0004,224,Single-GPU (NVIDIA RTX 6000 Ada Generation),0.9597,0.9799,,206.62,0.01722,multiseed,multiseed/seed_1337/S0_Single_resnet50_ADIAC_Database/final_metrics.csv,,,
S2_LOSO_swin_v2_t_LOIR_Database,swin_v2_t,LOSO,LOIR_Database,erm,1337,128,0.0004,256,Single-GPU (NVIDIA RTX 6000 Ada Generation),0.5072,0.3466,0.844,895.32,0.07461,multiseed,multiseed/seed_1337/S2_LOSO_swin_v2_t_LOIR_Database/final_metrics.csv,,,
S0_Single_convnext_tiny_ADIAC_Database,convnext_tiny,SINGLE,ADIAC_Database,erm,1337,128,0.0004,224,Single-GPU (NVIDIA RTX 6000 Ada Generation),0.9597,0.9462,,233.84,0.01949,multiseed,multiseed/seed_1337/S0_Single_convnext_tiny_ADIAC_Database/final_metrics.csv,,,
S2_LOSO_maxvit_t_FCE_LTER_Database,maxvit_t,LOSO,FCE_LTER_Database,erm,1337,128,0.0004,224,Single-GPU (NVIDIA RTX 6000 Ada Generation),0.7374,0.6178,0.9543,1054.87,0.08791,multiseed,multiseed/seed_1337/S2_LOSO_maxvit_t_FCE_LTER_Database/final_metrics.csv,,,
S2_LOSO_resnet50_AFD_Database,resnet50,LOSO,AFD_Database,erm,1337,128,0.0004,224,Single-GPU (NVIDIA RTX 6000 Ada Generation),0.5395,0.3732,,1368.61,0.11405,multiseed,multiseed/seed_1337/S2_LOSO_resnet50_AFD_Database/final_metrics.csv,,,
S2_LOSO_efficientnet_v2_s_FCE_LTER_Database,efficientnet_v2_s,LOSO,FCE_LTER_Database,erm,1337,128,0.0004,384,Single-GPU (NVIDIA RTX 6000 Ada Generation),0.6648,0.5489,0.9293,1347.7,0.11231,multiseed,multiseed/seed_1337/S2_LOSO_efficientnet_v2_s_FCE_LTER_Database/final_metrics.csv,,,
S2_LOSO_convnext_tiny_DIA_Database,convnext_tiny,LOSO,DIA_Database,erm,1337,128,0.0004,224,Single-GPU (NVIDIA RTX 6000 Ada Generation),0.5495,0.5175,,1006.15,0.08385,multiseed,multiseed/seed_1337/S2_LOSO_convnext_tiny_DIA_Database/final_metrics.csv,,,
S1_Standard_resnet50,resnet50,STANDARD,ALL,erm,1337,128,0.0004,224,Single-GPU (NVIDIA RTX 6000 Ada Generation),0.8668,0.8314,0.9856,1250.73,0.10423,multiseed,multiseed/seed_1337/S1_Standard_resnet50/final_metrics.csv,,,
S2_LOSO_convnext_tiny_AFD_Database,convnext_tiny,LOSO,AFD_Database,erm,1337,128,0.0004,224,Single-GPU (NVIDIA RTX 6000 Ada Generation),0.5954,0.4168,,957.8,0.07982,multiseed,multiseed/seed_1337/S2_LOSO_convnext_tiny_AFD_Database/final_metrics.csv,,,
S2_LOSO_efficientnet_v2_s_LOIR_Database,efficientnet_v2_s,LOSO,LOIR_Database,erm,1337,128,0.0004,384,Single-GPU (NVIDIA RTX 6000 Ada Generation),0.531,0.3027,0.8057,965.7,0.08047,multiseed,multiseed/seed_1337/S2_LOSO_efficientnet_v2_s_LOIR_Database/final_metrics.csv,,,
S2_LOSO_resnet50_DIA_Database,resnet50,LOSO,DIA_Database,erm,1337,128,0.0004,224,Single-GPU (NVIDIA RTX 6000 Ada Generation),0.5238,0.4973,,1286.14,0.10718,multiseed,multiseed/seed_1337/S2_LOSO_resnet50_DIA_Database/final_metrics.csv,,,
S2_LOSO_resnet50_LOIR_Database,resnet50,LOSO,LOIR_Database,erm,1337,128,0.0004,224,Single-GPU (NVIDIA RTX 6000 Ada Generation),0.0992,0.0864,0.5532,666.66,0.05556,multiseed,multiseed/seed_1337/S2_LOSO_resnet50_LOIR_Database/final_metrics.csv,,,
S2_LOSO_efficientnet_v2_s_ADIAC_Database,efficientnet_v2_s,LOSO,ADIAC_Database,erm,1337,128,0.0004,384,Single-GPU (NVIDIA RTX 6000 Ada Generation),0.7585,0.6959,0.9288,1112.25,0.09269,multiseed,multiseed/seed_1337/S2_LOSO_efficientnet_v2_s_ADIAC_Database/final_metrics.csv,,,
S1_Standard_convnext_tiny,convnext_tiny,STANDARD,ALL,erm,1337,128,0.0004,224,Single-GPU (NVIDIA RTX 6000 Ada Generation),0.8964,0.8644,0.9845,1712.74,0.14273,multiseed,multiseed/seed_1337/S1_Standard_convnext_tiny/final_metrics.csv,,,
S1_Standard_efficientnet_v2_s,efficientnet_v2_s,STANDARD,ALL,erm,1337,128,0.0004,384,Single-GPU (NVIDIA RTX 6000 Ada Generation),0.8847,0.8629,0.9879,1589.14,0.13243,multiseed,multiseed/seed_1337/S1_Standard_efficientnet_v2_s/final_metrics.csv,,,
S2_LOSO_convnext_tiny_ADIAC_Database,convnext_tiny,LOSO,ADIAC_Database,erm,1337,128,0.0004,224,Single-GPU (NVIDIA RTX 6000 Ada Generation),0.6684,0.6003,0.9604,508.01,0.04233,multiseed,multiseed/seed_1337/S2_LOSO_convnext_tiny_ADIAC_Database/final_metrics.csv,,,
S0_Single_swin_v2_t_ADIAC_Database,swin_v2_t,SINGLE,ADIAC_Database,erm,1337,128,0.0004,256,Single-GPU (NVIDIA RTX 6000 Ada Generation),0.9341,0.9417,,655.32,0.05461,multiseed,multiseed/seed_1337/S0_Single_swin_v2_t_ADIAC_Database/final_metrics.csv,,,
S2_LOSO_maxvit_t_DIA_Database,maxvit_t,LOSO,DIA_Database,erm,1337,128,0.0004,224,Single-GPU (NVIDIA RTX 6000 Ada Generation),0.5547,0.5306,,1822.8,0.1519,multiseed,multiseed/seed_1337/S2_LOSO_maxvit_t_DIA_Database/final_metrics.csv,,,
S2_LOSO_convnext_tiny_LOIR_Database,convnext_tiny,LOSO,LOIR_Database,erm,1337,128,0.0004,224,Single-GPU (NVIDIA RTX 6000 Ada Generation),0.6183,0.4293,0.8843,1227.55,0.1023,multiseed,multiseed/seed_1337/S2_LOSO_convnext_tiny_LOIR_Database/final_metrics.csv,,,
S2_LOSO_swin_v2_t_FCE_LTER_Database,swin_v2_t,LOSO,FCE_LTER_Database,erm,1337,128,0.0004,256,Single-GPU (NVIDIA RTX 6000 Ada Generation),0.5894,0.4716,0.891,1051.34,0.08761,multiseed,multiseed/seed_1337/S2_LOSO_swin_v2_t_FCE_LTER_Database/final_metrics.csv,,,
S2_LOSO_resnet50_ADIAC_Database,resnet50,LOSO,ADIAC_Database,erm,1337,128,0.0004,224,Single-GPU (NVIDIA RTX 6000 Ada Generation),0.6658,0.5728,0.9091,880.63,0.07339,multiseed,multiseed/seed_1337/S2_LOSO_resnet50_ADIAC_Database/final_metrics.csv,,,
S0_Single_maxvit_t_ADIAC_Database,maxvit_t,SINGLE,ADIAC_Database,erm,1337,128,0.0004,224,Single-GPU (NVIDIA RTX 6000 Ada Generation),0.9744,0.9819,,463.66,0.03864,multiseed,multiseed/seed_1337/S0_Single_maxvit_t_ADIAC_Database/final_metrics.csv,,,
S2_LOSO_maxvit_t_LOIR_Database,maxvit_t,LOSO,LOIR_Database,erm,1337,128,0.0004,224,Single-GPU (NVIDIA RTX 6000 Ada Generation),0.4945,0.3102,0.8417,1044.12,0.08701,multiseed,multiseed/seed_1337/S2_LOSO_maxvit_t_LOIR_Database/final_metrics.csv,,,
S2_LOSO_swin_v2_t_DONA_Database,swin_v2_t,LOSO,DONA_Database,erm,1337,128,0.0004,256,Single-GPU (NVIDIA RTX 6000 Ada Generation),0.5152,0.4207,0.8705,809.33,0.06744,multiseed,multiseed/seed_1337/S2_LOSO_swin_v2_t_DONA_Database/final_metrics.csv,,,
S2_LOSO_swin_v2_t_DIA_Database,swin_v2_t,LOSO,DIA_Database,erm,1337,128,0.0004,256,Single-GPU (NVIDIA RTX 6000 Ada Generation),0.5199,0.4942,,1445.02,0.12042,multiseed,multiseed/seed_1337/S2_LOSO_swin_v2_t_DIA_Database/final_metrics.csv,,,
S1_Standard_swin_v2_t,swin_v2_t,STANDARD,ALL,erm,1337,128,0.0004,256,Single-GPU (NVIDIA RTX 6000 Ada Generation),0.8606,0.8309,0.9878,1572.14,0.13101,multiseed,multiseed/seed_1337/S1_Standard_swin_v2_t/final_metrics.csv,,,
S2_LOSO_efficientnet_v2_s_AFD_Database,efficientnet_v2_s,LOSO,AFD_Database,erm,1337,128,0.0004,384,Single-GPU (NVIDIA RTX 6000 Ada Generation),0.594,0.4328,,1708.8,0.1424,multiseed,multiseed/seed_1337/S2_LOSO_efficientnet_v2_s_AFD_Database/final_metrics.csv,,,
S1_Standard_maxvit_t,maxvit_t,STANDARD,ALL,erm,1337,128,0.0004,224,Single-GPU (NVIDIA RTX 6000 Ada Generation),0.8972,0.8688,0.9809,1566.9,0.13057,multiseed,multiseed/seed_1337/S1_Standard_maxvit_t/final_metrics.csv,,,
S2_LOSO_convnext_tiny_FCE_LTER_Database,convnext_tiny,LOSO,FCE_LTER_Database,erm,1337,128,0.0004,224,Single-GPU (NVIDIA RTX 6000 Ada Generation),0.6564,0.5512,0.9518,908.05,0.07567,multiseed,multiseed/seed_1337/S2_LOSO_convnext_tiny_FCE_LTER_Database/final_metrics.csv,,,
S2_LOSO_resnet50_DONA_Database,resnet50,LOSO,DONA_Database,erm,1337,128,0.0004,224,Single-GPU (NVIDIA RTX 6000 Ada Generation),0.5245,0.3887,0.8442,615.84,0.05132,multiseed,multiseed/seed_1337/S2_LOSO_resnet50_DONA_Database/final_metrics.csv,,,
S2_LOSO_efficientnet_v2_s_DONA_Database,efficientnet_v2_s,LOSO,DONA_Database,erm,1337,128,0.0004,384,Single-GPU (NVIDIA RTX 6000 Ada Generation),0.6111,0.4947,0.8766,1554.1,0.12951,multiseed,multiseed/seed_1337/S2_LOSO_efficientnet_v2_s_DONA_Database/final_metrics.csv,,,
S2_LOSO_efficientnet_v2_s_DIA_Database,efficientnet_v2_s,LOSO,DIA_Database,erm,1337,128,0.0004,384,Single-GPU (NVIDIA RTX 6000 Ada Generation),0.5534,0.521,,2590.66,0.21589,multiseed,multiseed/seed_1337/S2_LOSO_efficientnet_v2_s_DIA_Database/final_metrics.csv,,,
S2_LOSO_resnet50_FCE_LTER_Database,resnet50,LOSO,FCE_LTER_Database,erm,1337,128,0.0004,224,Single-GPU (NVIDIA RTX 6000 Ada Generation),0.6034,0.4368,0.9307,1173.28,0.09777,multiseed,multiseed/seed_1337/S2_LOSO_resnet50_FCE_LTER_Database/final_metrics.csv,,,
S2_LOSO_swin_v2_t_AFD_Database,swin_v2_t,LOSO,AFD_Database,erm,1337,128,0.0004,256,Single-GPU (NVIDIA RTX 6000 Ada Generation),0.4935,0.2826,,1406.31,0.11719,multiseed,multiseed/seed_1337/S2_LOSO_swin_v2_t_AFD_Database/final_metrics.csv,,,
S2_LOSO_maxvit_t_AFD_Database,maxvit_t,LOSO,AFD_Database,erm,1337,128,0.0004,224,Single-GPU (NVIDIA RTX 6000 Ada Generation),0.6083,0.4503,,1234.42,0.10287,multiseed,multiseed/seed_1337/S2_LOSO_maxvit_t_AFD_Database/final_metrics.csv,,,
geometric_only_convnext_tiny_DONA_Database,convnext_tiny,LOSO,DONA_Database,erm,42,128,0.0004,224,Single-GPU (NVIDIA RTX 6000 Ada Generation),0.613,0.4841,0.884,623.82,0.05199,ablation,ablation/geometric_only/geometric_only_convnext_tiny_DONA_Database/final_metrics.csv,,,geometric_only
geometric_only_convnext_tiny_FCE_LTER_Database,convnext_tiny,LOSO,FCE_LTER_Database,erm,42,128,0.0004,224,Single-GPU (NVIDIA RTX 6000 Ada Generation),0.6676,0.5145,0.9169,770.08,0.06417,ablation,ablation/geometric_only/geometric_only_convnext_tiny_FCE_LTER_Database/final_metrics.csv,,,geometric_only
geometric_only_convnext_tiny_AFD_Database,convnext_tiny,LOSO,AFD_Database,erm,42,128,0.0004,224,Single-GPU (NVIDIA RTX 6000 Ada Generation),0.571,0.4075,,909.1,0.07576,ablation,ablation/geometric_only/geometric_only_convnext_tiny_AFD_Database/final_metrics.csv,,,geometric_only
geometric_only_convnext_tiny_ADIAC_Database,convnext_tiny,LOSO,ADIAC_Database,erm,42,128,0.0004,224,Single-GPU (NVIDIA RTX 6000 Ada Generation),0.7461,0.6544,0.9598,722.31,0.06019,ablation,ablation/geometric_only/geometric_only_convnext_tiny_ADIAC_Database/final_metrics.csv,,,geometric_only
geometric_only_convnext_tiny_LOIR_Database,convnext_tiny,LOSO,LOIR_Database,erm,42,128,0.0004,224,Single-GPU (NVIDIA RTX 6000 Ada Generation),0.6243,0.4496,0.9123,575.34,0.04794,ablation,ablation/geometric_only/geometric_only_convnext_tiny_LOIR_Database/final_metrics.csv,,,geometric_only
geometric_only_convnext_tiny_DIA_Database,convnext_tiny,LOSO,DIA_Database,erm,42,128,0.0004,224,Single-GPU (NVIDIA RTX 6000 Ada Generation),0.5701,0.5426,,939.79,0.07832,ablation,ablation/geometric_only/geometric_only_convnext_tiny_DIA_Database/final_metrics.csv,,,geometric_only
full_convnext_tiny_FCE_LTER_Database,convnext_tiny,LOSO,FCE_LTER_Database,erm,42,128,0.0004,224,Single-GPU (NVIDIA RTX 6000 Ada Generation),0.6425,0.4833,0.9156,1163.75,0.09698,ablation,ablation/full/full_convnext_tiny_FCE_LTER_Database/final_metrics.csv,,,full
full_convnext_tiny_DIA_Database,convnext_tiny,LOSO,DIA_Database,erm,42,128,0.0004,224,Single-GPU (NVIDIA RTX 6000 Ada Generation),0.5495,0.4933,,718.84,0.0599,ablation,ablation/full/full_convnext_tiny_DIA_Database/final_metrics.csv,,,full
full_convnext_tiny_AFD_Database,convnext_tiny,LOSO,AFD_Database,erm,42,128,0.0004,224,Single-GPU (NVIDIA RTX 6000 Ada Generation),0.5782,0.3955,,1133.69,0.09447,ablation,ablation/full/full_convnext_tiny_AFD_Database/final_metrics.csv,,,full
full_convnext_tiny_DONA_Database,convnext_tiny,LOSO,DONA_Database,erm,42,128,0.0004,224,Single-GPU (NVIDIA RTX 6000 Ada Generation),0.6254,0.4944,0.8947,666.03,0.0555,ablation,ablation/full/full_convnext_tiny_DONA_Database/final_metrics.csv,,,full
full_convnext_tiny_ADIAC_Database,convnext_tiny,LOSO,ADIAC_Database,erm,42,128,0.0004,224,Single-GPU (NVIDIA RTX 6000 Ada Generation),0.7519,0.6474,0.9425,789.81,0.06582,ablation,ablation/full/full_convnext_tiny_ADIAC_Database/final_metrics.csv,,,full
full_convnext_tiny_LOIR_Database,convnext_tiny,LOSO,LOIR_Database,erm,42,128,0.0004,224,Single-GPU (NVIDIA RTX 6000 Ada Generation),0.6438,0.4245,0.9046,791.87,0.06599,ablation,ablation/full/full_convnext_tiny_LOIR_Database/final_metrics.csv,,,full
no_random_erase_convnext_tiny_LOIR_Database,convnext_tiny,LOSO,LOIR_Database,erm,42,128,0.0004,224,Single-GPU (NVIDIA RTX 6000 Ada Generation),0.6319,0.4292,0.9072,613.27,0.05111,ablation,ablation/no_random_erase/no_random_erase_convnext_tiny_LOIR_Database/final_metrics.csv,,,no_random_erase
no_random_erase_convnext_tiny_ADIAC_Database,convnext_tiny,LOSO,ADIAC_Database,erm,42,128,0.0004,224,Single-GPU (NVIDIA RTX 6000 Ada Generation),0.7315,0.6076,0.9331,697.33,0.05811,ablation,ablation/no_random_erase/no_random_erase_convnext_tiny_ADIAC_Database/final_metrics.csv,,,no_random_erase
no_random_erase_convnext_tiny_FCE_LTER_Database,convnext_tiny,LOSO,FCE_LTER_Database,erm,42,128,0.0004,224,Single-GPU (NVIDIA RTX 6000 Ada Generation),0.6788,0.5329,0.9404,931.62,0.07763,ablation,ablation/no_random_erase/no_random_erase_convnext_tiny_FCE_LTER_Database/final_metrics.csv,,,no_random_erase
no_random_erase_convnext_tiny_AFD_Database,convnext_tiny,LOSO,AFD_Database,erm,42,128,0.0004,224,Single-GPU (NVIDIA RTX 6000 Ada Generation),0.5954,0.4267,,678.69,0.05656,ablation,ablation/no_random_erase/no_random_erase_convnext_tiny_AFD_Database/final_metrics.csv,,,no_random_erase
no_random_erase_convnext_tiny_DONA_Database,convnext_tiny,LOSO,DONA_Database,erm,42,128,0.0004,224,Single-GPU (NVIDIA RTX 6000 Ada Generation),0.6223,0.496,0.8963,503.09,0.04192,ablation,ablation/no_random_erase/no_random_erase_convnext_tiny_DONA_Database/final_metrics.csv,,,no_random_erase
no_random_erase_convnext_tiny_DIA_Database,convnext_tiny,LOSO,DIA_Database,erm,42,128,0.0004,224,Single-GPU (NVIDIA RTX 6000 Ada Generation),0.5418,0.4795,,705.94,0.05883,ablation,ablation/no_random_erase/no_random_erase_convnext_tiny_DIA_Database/final_metrics.csv,,,no_random_erase
photometric_only_convnext_tiny_AFD_Database,convnext_tiny,LOSO,AFD_Database,erm,42,128,0.0004,224,Single-GPU (NVIDIA RTX 6000 Ada Generation),0.5968,0.4219,,1125.66,0.0938,ablation,ablation/photometric_only/photometric_only_convnext_tiny_AFD_Database/final_metrics.csv,,,photometric_only
photometric_only_convnext_tiny_LOIR_Database,convnext_tiny,LOSO,LOIR_Database,erm,42,128,0.0004,224,Single-GPU (NVIDIA RTX 6000 Ada Generation),0.4962,0.3124,0.8579,521.36,0.04345,ablation,ablation/photometric_only/photometric_only_convnext_tiny_LOIR_Database/final_metrics.csv,,,photometric_only
photometric_only_convnext_tiny_DIA_Database,convnext_tiny,LOSO,DIA_Database,erm,42,128,0.0004,224,Single-GPU (NVIDIA RTX 6000 Ada Generation),0.5547,0.4882,,638.47,0.05321,ablation,ablation/photometric_only/photometric_only_convnext_tiny_DIA_Database/final_metrics.csv,,,photometric_only
photometric_only_convnext_tiny_DONA_Database,convnext_tiny,LOSO,DONA_Database,erm,42,128,0.0004,224,Single-GPU (NVIDIA RTX 6000 Ada Generation),0.6241,0.4706,0.8797,395.38,0.03295,ablation,ablation/photometric_only/photometric_only_convnext_tiny_DONA_Database/final_metrics.csv,,,photometric_only
photometric_only_convnext_tiny_FCE_LTER_Database,convnext_tiny,LOSO,FCE_LTER_Database,erm,42,128,0.0004,224,Single-GPU (NVIDIA RTX 6000 Ada Generation),0.6592,0.5061,0.9316,715.51,0.05963,ablation,ablation/photometric_only/photometric_only_convnext_tiny_FCE_LTER_Database/final_metrics.csv,,,photometric_only
photometric_only_convnext_tiny_ADIAC_Database,convnext_tiny,LOSO,ADIAC_Database,erm,42,128,0.0004,224,Single-GPU (NVIDIA RTX 6000 Ada Generation),0.7794,0.6659,0.9202,804.14,0.06701,ablation,ablation/photometric_only/photometric_only_convnext_tiny_ADIAC_Database/final_metrics.csv,,,photometric_only
no_augmentation_convnext_tiny_LOIR_Database,convnext_tiny,LOSO,LOIR_Database,erm,42,128,0.0004,224,Single-GPU (NVIDIA RTX 6000 Ada Generation),0.6302,0.4452,0.8885,885.77,0.07381,ablation,ablation/no_augmentation/no_augmentation_convnext_tiny_LOIR_Database/final_metrics.csv,,,no_augmentation
no_augmentation_convnext_tiny_ADIAC_Database,convnext_tiny,LOSO,ADIAC_Database,erm,42,128,0.0004,224,Single-GPU (NVIDIA RTX 6000 Ada Generation),0.7719,0.675,0.9517,630.2,0.05252,ablation,ablation/no_augmentation/no_augmentation_convnext_tiny_ADIAC_Database/final_metrics.csv,,,no_augmentation
no_augmentation_convnext_tiny_DIA_Database,convnext_tiny,LOSO,DIA_Database,erm,42,128,0.0004,224,Single-GPU (NVIDIA RTX 6000 Ada Generation),0.5521,0.5135,,624.17,0.05201,ablation,ablation/no_augmentation/no_augmentation_convnext_tiny_DIA_Database/final_metrics.csv,,,no_augmentation
no_augmentation_convnext_tiny_DONA_Database,convnext_tiny,LOSO,DONA_Database,erm,42,128,0.0004,224,Single-GPU (NVIDIA RTX 6000 Ada Generation),0.6199,0.4663,0.8958,471.65,0.0393,ablation,ablation/no_augmentation/no_augmentation_convnext_tiny_DONA_Database/final_metrics.csv,,,no_augmentation
no_augmentation_convnext_tiny_FCE_LTER_Database,convnext_tiny,LOSO,FCE_LTER_Database,erm,42,128,0.0004,224,Single-GPU (NVIDIA RTX 6000 Ada Generation),0.6453,0.515,0.9476,623.46,0.05196,ablation,ablation/no_augmentation/no_augmentation_convnext_tiny_FCE_LTER_Database/final_metrics.csv,,,no_augmentation
no_augmentation_convnext_tiny_AFD_Database,convnext_tiny,LOSO,AFD_Database,erm,42,128,0.0004,224,Single-GPU (NVIDIA RTX 6000 Ada Generation),0.6155,0.394,,639.37,0.05328,ablation,ablation/no_augmentation/no_augmentation_convnext_tiny_AFD_Database/final_metrics.csv,,,no_augmentation
